date,singapore
6/30/2023,38.587
6/29/2023,38.413
6/28/2023,38.427
6/27/2023,38.245
6/26/2023,37.906
6/23/2023,37.593
6/22/2023,37.396
6/21/2023,37.268
6/20/2023,37.228
6/19/2023,37.194
6/16/2023,37.315
6/15/2023,37.309
6/14/2023,37.486
6/13/2023,37.628
6/12/2023,38.242
6/9/2023,38.535
6/8/2023,38.52
6/7/2023,38.543
6/6/2023,38.653
6/5/2023,38.716
6/2/2023,39.791
6/1/2023,39.787
5/31/2023,39.435
5/30/2023,39.238
5/29/2023,39.449
5/26/2023,40.547
5/25/2023,40.799
5/24/2023,40.768
5/23/2023,40.779
5/22/2023,41.22
5/19/2023,42.774
5/18/2023,42.903
5/17/2023,44.063
5/16/2023,45.158
5/15/2023,45.654
5/12/2023,46.164
5/11/2023,46.499
5/10/2023,46.499
5/9/2023,46.741
5/8/2023,47.109
5/5/2023,46.718
5/4/2023,46.712
5/3/2023,46.717
5/2/2023,46.72
5/1/2023,47.014
4/28/2023,48.17
4/27/2023,49.464
4/26/2023,49.47
4/25/2023,49.931
4/24/2023,49.73
4/21/2023,49.623
4/20/2023,49.301
4/19/2023,49.292
4/18/2023,50.242
4/17/2023,50.669
4/14/2023,51.342
4/13/2023,52.15
4/12/2023,52.759
4/11/2023,52.775
4/10/2023,52.653
4/7/2023,52.824
4/6/2023,52.454
4/5/2023,52.012
4/4/2023,51.742
4/3/2023,51.812
3/31/2023,51.776
3/30/2023,53.085
3/29/2023,53.167
3/28/2023,53.101
3/27/2023,53.146
3/24/2023,53.085
3/23/2023,52.432
3/22/2023,52.058
3/21/2023,52.649
3/20/2023,50.866
3/17/2023,48.954
3/16/2023,48.46
3/15/2023,48.257
3/14/2023,47.858
3/13/2023,46.178
3/10/2023,46.047
3/9/2023,45.22
3/8/2023,45.239
3/7/2023,45.154
3/6/2023,45.254
3/3/2023,46.073
3/2/2023,46.126
3/1/2023,45.852
2/28/2023,45.397
2/27/2023,45.541
2/24/2023,45.008
2/23/2023,44.64
2/22/2023,44.679
2/21/2023,42.754
2/20/2023,42.326
2/17/2023,42.197
2/16/2023,42.038
2/15/2023,42.322
2/14/2023,42.146
2/13/2023,41.77
2/10/2023,40.989
2/9/2023,40.628
2/8/2023,40.208
2/7/2023,40.321
2/6/2023,39.765
2/3/2023,41.236
2/2/2023,42.074
2/1/2023,42.25
1/31/2023,44.726
1/30/2023,45.827
1/27/2023,46.041
1/26/2023,46.307
1/25/2023,47.15
1/24/2023,47.378
1/23/2023,47.813
1/20/2023,47.963
1/19/2023,47.977
1/18/2023,47.867
1/17/2023,47.959
1/16/2023,47.524
1/13/2023,47.589
1/12/2023,47.757
1/11/2023,47.967
1/10/2023,48.347
1/9/2023,48.637
1/6/2023,48.689
1/5/2023,48.518
1/4/2023,48.366
1/3/2023,48.134
1/2/2023,48.248
12/30/2022,48.006
12/29/2022,47.952
12/28/2022,47.92
12/27/2022,47.69
12/26/2022,47.836
12/23/2022,47.8
12/22/2022,47.45
12/21/2022,47.432
12/20/2022,46.932
12/19/2022,46.163
12/16/2022,45.634
12/15/2022,45.769
12/14/2022,46.076
12/13/2022,46.471
12/12/2022,46.873
12/9/2022,46.894
12/8/2022,47.411
12/7/2022,47.382
12/6/2022,47.217
12/5/2022,47.419
12/2/2022,47.244
12/1/2022,47.73
11/30/2022,48.688
11/29/2022,48.962
11/28/2022,48.545
11/25/2022,48.667
11/24/2022,49.386
11/23/2022,50.806
11/22/2022,50.78
11/21/2022,50.715
11/18/2022,51.171
11/17/2022,51.52
11/16/2022,51.918
11/15/2022,53.694
11/14/2022,54.13
11/11/2022,56.864
11/10/2022,57.616
11/9/2022,58.87
11/8/2022,61.278
11/7/2022,63.356
11/4/2022,64.131
11/3/2022,63.783
11/2/2022,63.787
11/1/2022,64.746
10/31/2022,65.337
10/28/2022,66.289
10/27/2022,65.292
10/26/2022,64.964
10/25/2022,64.504
10/24/2022,63.544
10/21/2022,62.704
10/20/2022,61.607
10/19/2022,61.503
10/18/2022,62.35
10/17/2022,64.284
10/14/2022,64.323
10/13/2022,64.54
10/12/2022,64.969
10/11/2022,64.724
10/10/2022,64.197
10/7/2022,63.985
10/6/2022,64.159
10/5/2022,64.341
10/4/2022,66.919
10/3/2022,68.281
9/30/2022,66.292
9/29/2022,64.034
9/28/2022,64.365
9/27/2022,63.26
9/26/2022,62.031
9/23/2022,58.793
9/22/2022,58.249
9/21/2022,54.523
9/20/2022,51.405
9/19/2022,48.636
9/16/2022,48.553
9/15/2022,47.353
9/14/2022,46.875
9/13/2022,46.278
9/12/2022,46.521
9/9/2022,47.008
9/8/2022,46.99
9/7/2022,47.165
9/6/2022,46.687
9/5/2022,46.198
9/2/2022,46.029
9/1/2022,45.388
8/31/2022,45.281
8/30/2022,45.092
8/29/2022,45.229
8/26/2022,44.544
8/25/2022,44.807
8/24/2022,45.307
8/23/2022,45.051
8/22/2022,44.683
8/19/2022,44.84
8/18/2022,44.201
8/17/2022,44.681
8/16/2022,45.189
8/15/2022,45.99
8/12/2022,46.421
8/11/2022,47.652
8/10/2022,47.506
8/9/2022,47.55
8/8/2022,47.521
8/5/2022,48.066
8/4/2022,48.234
8/3/2022,48.17
8/2/2022,48.594
8/1/2022,48.883
7/29/2022,49.519
7/28/2022,50.652
7/27/2022,51.512
7/26/2022,51.847
7/25/2022,52.365
7/22/2022,52.875
7/21/2022,54.532
7/20/2022,55.177
7/19/2022,57.095
7/18/2022,57.797
7/15/2022,57.535
7/14/2022,57.858
7/13/2022,59.224
7/12/2022,59.527
7/11/2022,59.663
7/8/2022,60.378
7/7/2022,61.131
7/6/2022,61.508
7/5/2022,61.303
7/4/2022,61.098
7/1/2022,58.912
6/30/2022,56.856
6/29/2022,55.047
6/28/2022,54.596
6/27/2022,54.961
6/24/2022,55.681
6/23/2022,56.446
6/22/2022,55.719
6/21/2022,56.558
6/20/2022,57.28
6/17/2022,54.334
6/16/2022,49.654
6/15/2022,49.759
6/14/2022,48.067
6/13/2022,45.373
6/10/2022,43.561
6/9/2022,43.08
6/8/2022,42.28
6/7/2022,42.53
6/6/2022,42.13
6/3/2022,42.629
6/2/2022,42.601
6/1/2022,42.703
5/31/2022,43.404
5/30/2022,44.272
5/27/2022,44.856
5/26/2022,45.767
5/25/2022,46.469
5/24/2022,46.901
5/23/2022,46.944
5/20/2022,46.707
5/19/2022,46.888
5/18/2022,46.429
5/17/2022,46.758
5/16/2022,46.409
5/13/2022,46.515
5/12/2022,46.255
5/11/2022,46.176
5/10/2022,46.051
5/9/2022,45.534
5/6/2022,43.437
5/5/2022,42.161
5/4/2022,42.128
5/3/2022,42.178
5/2/2022,42.237
4/29/2022,42.175
4/28/2022,42.156
4/27/2022,42.065
4/26/2022,41.312
4/25/2022,41.34
4/22/2022,40.428
4/21/2022,40.327
4/20/2022,40.837
4/19/2022,40.523
4/18/2022,40.465
4/15/2022,40.479
4/14/2022,40.404
4/13/2022,40.574
4/12/2022,40.47
4/11/2022,40.111
4/8/2022,40.189
4/7/2022,40.742
4/6/2022,40.109
4/5/2022,40.593
4/4/2022,40.178
4/1/2022,40.185
3/31/2022,40.828
3/30/2022,40.187
3/29/2022,40.826
3/28/2022,41.093
3/25/2022,42.112
3/24/2022,41.542
3/23/2022,42.661
3/22/2022,43.691
3/21/2022,43.8
3/18/2022,42.648
3/17/2022,46.618
3/16/2022,47.959
3/15/2022,48.527
3/14/2022,48.985
3/11/2022,49.187
3/10/2022,49.603
3/9/2022,53.199
3/8/2022,51.381
3/7/2022,46.855
3/4/2022,43.88
3/3/2022,43.724
3/2/2022,43.512
3/1/2022,42.464
2/28/2022,41.892
2/25/2022,41.664
2/24/2022,41.107
2/23/2022,40.313
2/22/2022,40.256
2/21/2022,39.798
2/18/2022,39.682
2/17/2022,39.55
2/16/2022,39.486
2/15/2022,39.586
2/14/2022,39.279
2/11/2022,39.273
2/10/2022,39.206
2/9/2022,39.246
2/8/2022,39.184
2/7/2022,38.962
2/4/2022,38.852
2/3/2022,38.491
2/2/2022,38.614
2/1/2022,38.781
1/31/2022,38.843
1/28/2022,38.812
1/27/2022,38.78
1/26/2022,38.013
1/25/2022,38.001
1/24/2022,37.999
1/21/2022,37.593
1/20/2022,37.407
1/19/2022,37.643
1/18/2022,37.621
1/17/2022,37.558
1/14/2022,37.561
1/13/2022,37.502
1/12/2022,37.434
1/11/2022,37.256
1/10/2022,37.466
1/7/2022,37.331
1/6/2022,37.367
1/5/2022,37.233
1/4/2022,37.439
1/3/2022,37.796
12/31/2021,37.765
12/30/2021,37.77
12/29/2021,37.686
12/28/2021,37.874
12/27/2021,37.749
12/24/2021,37.873
12/23/2021,37.929
12/22/2021,38.152
12/21/2021,37.976
12/20/2021,38.034
12/17/2021,38.008
12/16/2021,38.108
12/15/2021,38.093
12/14/2021,38.073
12/13/2021,38.046
12/10/2021,38.111
12/9/2021,38.119
12/8/2021,38.134
12/7/2021,38.583
12/6/2021,38.738
12/3/2021,39.474
12/2/2021,38.905
12/1/2021,38.606
11/30/2021,38.627
11/29/2021,38.479
11/26/2021,38.259
11/25/2021,38.374
11/24/2021,38.317
11/23/2021,38.452
11/22/2021,38.424
11/19/2021,38.332
11/18/2021,38.49
11/17/2021,38.47
11/16/2021,38.504
11/15/2021,38.532
11/12/2021,38.558
11/11/2021,38.448
11/10/2021,38.481
11/9/2021,38.617
11/8/2021,38.851
11/5/2021,38.867
11/4/2021,39.144
11/3/2021,39.547
11/2/2021,39.481
11/1/2021,39.516
10/29/2021,39.279
10/28/2021,39.491
10/27/2021,39.434
10/26/2021,39.432
10/25/2021,39.518
10/22/2021,39.754
10/21/2021,39.513
10/20/2021,39.489
10/19/2021,39.501
10/18/2021,39.627
10/15/2021,39.686
10/14/2021,39.632
10/13/2021,39.692
10/12/2021,39.422
10/11/2021,39.409
10/8/2021,39.416
10/7/2021,39.276
10/6/2021,38.459
10/5/2021,38.371
10/4/2021,37.846
10/1/2021,37.799
9/30/2021,37.506
9/29/2021,37.973
9/28/2021,37.972
9/27/2021,37.822
9/24/2021,38.183
9/23/2021,38.036
9/22/2021,37.985
9/21/2021,37.883
9/20/2021,36.944
9/17/2021,36.009
9/16/2021,36.168
9/15/2021,36.4
9/14/2021,36.452
9/13/2021,36.599
9/10/2021,36.549
9/9/2021,36.561
9/8/2021,36.607
9/7/2021,36.789
9/6/2021,36.783
9/3/2021,36.766
9/2/2021,36.794
9/1/2021,37.093
8/31/2021,36.988
8/30/2021,36.994
8/27/2021,37.204
8/26/2021,37.173
8/25/2021,37.204
8/24/2021,37.279
8/23/2021,37.458
8/20/2021,37.249
8/19/2021,37.167
8/18/2021,37.017
8/17/2021,37.065
8/16/2021,37.019
8/13/2021,36.952
8/12/2021,36.797
8/11/2021,37.027
8/10/2021,37.019
8/9/2021,38.43
8/6/2021,38.551
8/5/2021,38.808
8/4/2021,38.691
8/3/2021,38.907
8/2/2021,38.739
7/30/2021,38.743
7/29/2021,38.761
7/28/2021,38.729
7/27/2021,38.732
7/26/2021,38.42
7/23/2021,38.929
7/22/2021,38.993
7/21/2021,37.737
7/20/2021,39.438
7/19/2021,37.504
7/16/2021,38.96
7/15/2021,39.014
7/14/2021,39.304
7/13/2021,39.534
7/12/2021,39.448
7/9/2021,39.45
7/8/2021,39.372
7/7/2021,38.577
7/6/2021,38.373
7/5/2021,38.41
7/2/2021,38.353
7/1/2021,38.609
6/30/2021,38.354
6/29/2021,39.548
6/28/2021,39.483
6/25/2021,40.283
6/24/2021,39.355
6/23/2021,39.833
6/22/2021,40.527
6/21/2021,41.099
6/18/2021,40.596
6/17/2021,40.861
6/16/2021,40.648
6/15/2021,40.836
6/14/2021,41.627
6/11/2021,41.639
6/10/2021,41.776
6/9/2021,41.903
6/8/2021,42.116
6/7/2021,42.574
6/4/2021,42.571
6/3/2021,42.577
6/2/2021,42.59
6/1/2021,42.901
5/31/2021,42.929
5/28/2021,42.708
5/27/2021,42.735
5/26/2021,42.973
5/25/2021,42.766
5/24/2021,43.134
5/21/2021,43.209
5/20/2021,43.171
5/19/2021,42.751
5/18/2021,43.088
5/17/2021,43.128
5/14/2021,43.024
5/13/2021,42.715
5/12/2021,42.738
5/11/2021,43.088
5/10/2021,43.07
5/7/2021,43.39
5/6/2021,43.604
5/5/2021,43.919
5/4/2021,43.814
5/3/2021,43.78
4/30/2021,43.682
4/29/2021,43.8
4/28/2021,43.797
4/27/2021,43.878
4/26/2021,43.755
4/23/2021,44.03
4/22/2021,43.827
4/21/2021,43.998
4/20/2021,43.334
4/19/2021,43.16
4/16/2021,43.249
4/15/2021,43.238
4/14/2021,42.219
4/13/2021,41.286
4/12/2021,41.14
4/9/2021,41.107
4/8/2021,41.108
4/7/2021,41.24
4/6/2021,41.24
4/5/2021,41.338
4/2/2021,41.801
4/1/2021,42.09
3/31/2021,43.023
3/30/2021,42.946
3/29/2021,42.94
3/26/2021,43.075
3/25/2021,43.022
3/24/2021,43.283
3/23/2021,43.155
3/22/2021,43.372
3/19/2021,41.308
3/18/2021,41.18
3/17/2021,41.138
3/16/2021,41.219
3/15/2021,41.843
3/12/2021,42.406
3/11/2021,42.772
3/10/2021,42.867
3/9/2021,42.87
3/8/2021,43.02
3/5/2021,42.919
3/4/2021,42.907
3/3/2021,42.94
3/2/2021,43.096
3/1/2021,43.305
2/26/2021,43.476
2/25/2021,43.261
2/24/2021,43.743
2/23/2021,43.884
2/22/2021,43.999
2/19/2021,44.334
2/18/2021,43.829
2/17/2021,44.321
2/16/2021,45.029
2/15/2021,45.085
2/12/2021,44.892
2/11/2021,44.952
2/10/2021,45.181
2/9/2021,45.37
2/8/2021,45.726
2/5/2021,45.795
2/4/2021,46.107
2/3/2021,46.15
2/2/2021,46.323
2/1/2021,46.085
1/29/2021,46.101
1/28/2021,45.867
1/27/2021,45.62
1/26/2021,45.511
1/25/2021,45.434
1/22/2021,45.346
1/21/2021,45.409
1/20/2021,45.406
1/19/2021,45.323
1/18/2021,45.517
1/15/2021,45.601
1/14/2021,45.635
1/13/2021,45.583
1/12/2021,45.437
1/11/2021,45.748
1/8/2021,45.595
1/7/2021,46.597
1/6/2021,47.269
1/5/2021,46.383
1/4/2021,46.211
1/1/2021,46.227
12/31/2020,46.242
12/30/2020,46.221
12/29/2020,46.933
12/28/2020,47.124
12/25/2020,47.33
12/24/2020,47.206
12/23/2020,46.707
12/22/2020,47.159
12/21/2020,46.502
12/18/2020,46.63
12/17/2020,46.807
12/16/2020,47.36
12/15/2020,47.35
12/14/2020,47.19
12/11/2020,47.364
12/10/2020,47.437
12/9/2020,48.13
12/8/2020,48.019
12/7/2020,47.973
12/4/2020,48.507
12/3/2020,50.039
12/2/2020,50.249
12/1/2020,50.249
11/30/2020,50.609
11/27/2020,50.915
11/26/2020,51.592
11/25/2020,51.819
11/24/2020,52.503
11/23/2020,52.977
11/20/2020,52.93
11/19/2020,52.768
11/18/2020,52.851
11/17/2020,53.006
11/16/2020,53.193
11/13/2020,53.711
11/12/2020,53.53
11/11/2020,53.266
11/10/2020,53.572
11/9/2020,54.825
11/6/2020,56.065
11/5/2020,56.538
11/4/2020,56.991
11/3/2020,57.369
11/2/2020,57.336
10/30/2020,57.169
10/29/2020,55.914
10/28/2020,56.064
10/27/2020,54.952
10/26/2020,55.07
10/23/2020,54.457
10/22/2020,54.72
10/21/2020,55.136
10/20/2020,54.657
10/19/2020,54.647
10/16/2020,54.826
10/15/2020,55.123
10/14/2020,54.69
10/13/2020,55.608
10/12/2020,55.736
10/9/2020,56.033
10/8/2020,55.808
10/7/2020,56.49
10/6/2020,56.042
10/5/2020,56.955
10/2/2020,57.245
10/1/2020,57.197
9/30/2020,56.806
9/29/2020,56.516
9/28/2020,56.824
9/25/2020,56.613
9/24/2020,56.99
9/23/2020,55.396
9/22/2020,55.389
9/21/2020,55.221
9/18/2020,52.846
9/17/2020,53.327
9/16/2020,53.734
9/15/2020,54.176
9/14/2020,54.739
9/11/2020,56.079
9/10/2020,56.072
9/9/2020,57.326
9/8/2020,57.044
9/7/2020,56.889
9/4/2020,56.117
9/3/2020,56.566
9/2/2020,57.588
9/1/2020,57.816
8/31/2020,57.684
8/28/2020,58.177
8/27/2020,58.601
8/26/2020,58.76
8/25/2020,58.638
8/24/2020,58.693
8/21/2020,58.825
8/20/2020,57.918
8/19/2020,57.96
8/18/2020,58.037
8/17/2020,58.12
8/14/2020,58.326
8/13/2020,58.078
8/12/2020,58.129
8/11/2020,57.668
8/10/2020,57.174
8/7/2020,56.783
8/6/2020,55.925
8/5/2020,56.007
8/4/2020,55.925
8/3/2020,56.028
7/31/2020,55.849
7/30/2020,55.627
7/29/2020,55.265
7/28/2020,54.806
7/27/2020,54.745
7/24/2020,54.47
7/23/2020,54.456
7/22/2020,54.44
7/21/2020,54.5
7/20/2020,54.179
7/17/2020,54.657
7/16/2020,54.008
7/15/2020,54.105
7/14/2020,54.006
7/13/2020,53.709
7/10/2020,53.094
7/9/2020,52.863
7/8/2020,52.272
7/7/2020,52.115
7/6/2020,52.111
7/3/2020,52.142
7/2/2020,51.923
7/1/2020,52.106
6/30/2020,51.559
6/29/2020,52.15
6/26/2020,51.081
6/25/2020,51.583
6/24/2020,51.186
6/23/2020,52.172
6/22/2020,52.973
6/19/2020,53.635
6/18/2020,53.825
6/17/2020,54.079
6/16/2020,54.391
6/15/2020,55.083
6/12/2020,54.313
6/11/2020,53.987
6/10/2020,54.327
6/9/2020,55.422
6/8/2020,55.634
6/5/2020,58.702
6/4/2020,61.284
6/3/2020,62.071
6/2/2020,63.658
6/1/2020,63.905
5/29/2020,65.291
5/28/2020,65.634
5/27/2020,67.658
5/26/2020,68.503
5/25/2020,70.023
5/22/2020,71.373
5/21/2020,73.132
5/20/2020,75.001
5/19/2020,75.944
5/18/2020,76.977
5/15/2020,77.379
5/14/2020,77.02
5/13/2020,76.302
5/12/2020,76.099
5/11/2020,76.269
5/8/2020,77.615
5/7/2020,78.761
5/6/2020,78.282
5/5/2020,78.6
5/4/2020,78.655
5/1/2020,78.741
4/30/2020,78.93
4/29/2020,83.032
4/28/2020,83.409
4/27/2020,84.294
4/24/2020,86.51
4/23/2020,87.117
4/22/2020,88.019
4/21/2020,86.955
4/20/2020,87.91
4/17/2020,89.957
4/16/2020,93.02
4/15/2020,95.78
4/14/2020,98.487
4/13/2020,105.235
4/10/2020,106.348
4/9/2020,116.041
4/8/2020,119.084
4/7/2020,120.741
4/6/2020,126.181
4/3/2020,128.204
4/2/2020,126.516
4/1/2020,125.931
3/31/2020,125.067
3/30/2020,125.254
3/27/2020,121.371
3/26/2020,122.265
3/25/2020,126.141
3/24/2020,129.845
3/23/2020,134.637
3/20/2020,126.836
3/19/2020,123.414
3/18/2020,120.326
3/17/2020,119.743
3/16/2020,113.89
3/13/2020,113.768
3/12/2020,103.384
3/11/2020,86.974
3/10/2020,84.641
3/9/2020,78.67
3/6/2020,62.85
3/5/2020,58.757
3/4/2020,59.715
3/3/2020,59.452
3/2/2020,59.05
2/28/2020,56.888
2/27/2020,50.509
2/26/2020,49.009
2/25/2020,47.117
2/24/2020,45.172
2/21/2020,45.211
2/20/2020,45.317
2/19/2020,45.698
2/18/2020,46.768
2/17/2020,47.253
2/14/2020,47.169
2/13/2020,47.227
2/12/2020,47.06
2/11/2020,47.437
2/10/2020,47.378
2/7/2020,47.44
2/6/2020,47.252
2/5/2020,49.102
2/4/2020,49.617
2/3/2020,49.745
1/31/2020,49.297
1/30/2020,49.35
1/29/2020,48.724
1/28/2020,49.202
1/27/2020,49.054
1/24/2020,47.58
1/23/2020,47.475
1/22/2020,47.134
1/21/2020,47.163
1/20/2020,47.341
1/17/2020,47.674
1/16/2020,48.399
1/15/2020,49.056
1/14/2020,49.386
1/13/2020,49.335
1/10/2020,49.359
1/9/2020,49.314
1/8/2020,49.748
1/7/2020,48.133
1/6/2020,48.175
1/3/2020,46.489
1/2/2020,46.518
1/1/2020,46.501
12/31/2019,46.428
12/30/2019,46.562
12/27/2019,46.574
12/26/2019,46.566
12/25/2019,46.495
12/24/2019,46.649
12/23/2019,46.721
12/20/2019,47.005
12/19/2019,46.959
12/18/2019,47.208
12/17/2019,47.414
12/16/2019,49.19
12/13/2019,50.104
12/12/2019,51.358
12/11/2019,51.847
12/10/2019,52.188
12/9/2019,52.128
12/6/2019,53.312
12/5/2019,53.326
12/4/2019,53.752
12/3/2019,53.342
12/2/2019,53.535
11/29/2019,53.957
11/28/2019,53.973
11/27/2019,53.945
11/26/2019,54.487
11/25/2019,55.889
11/22/2019,56.019
11/21/2019,56.738
11/20/2019,56.427
11/19/2019,55.934
11/18/2019,56.317
11/15/2019,56.749
11/14/2019,57.053
11/13/2019,57.115
11/12/2019,57.125
11/11/2019,56.906
11/8/2019,57.214
11/7/2019,57.556
11/6/2019,58.842
11/5/2019,59.462
11/4/2019,60.754
11/1/2019,60.924
10/31/2019,60.974
10/30/2019,60.949
10/29/2019,60.909
10/28/2019,61.627
10/25/2019,61.928
10/24/2019,61.99
10/23/2019,61.9
10/22/2019,62.441
10/21/2019,62.616
10/18/2019,62.562
10/17/2019,62.655
10/16/2019,62.507
10/15/2019,63.005
10/14/2019,63.628
10/11/2019,63.747
10/10/2019,64.155
10/9/2019,64.22
10/8/2019,63.724
10/7/2019,63.826
10/4/2019,64.001
10/3/2019,64.049
10/2/2019,62.263
10/1/2019,62.182
9/30/2019,62.76
9/27/2019,62.428
9/26/2019,62.911
9/25/2019,62.77
9/24/2019,62.47
9/23/2019,61.585
9/20/2019,61.891
9/19/2019,58.079
9/18/2019,58.831
9/17/2019,58.771
9/16/2019,59.251
9/13/2019,59.272
9/12/2019,59.94
9/11/2019,60.078
9/10/2019,61.234
9/9/2019,61.871
9/6/2019,62.066
9/5/2019,63.838
9/4/2019,65.396
9/3/2019,66.089
9/2/2019,66.546
8/30/2019,66.666
8/29/2019,67.301
8/28/2019,68.662
8/27/2019,69.266
8/26/2019,69.214
8/23/2019,67.947
8/22/2019,68.154
8/21/2019,68.941
8/20/2019,68.97
8/19/2019,69.26
8/16/2019,70.025
8/15/2019,69.532
8/14/2019,69.09
8/13/2019,69.055
8/12/2019,66.509
8/9/2019,66.434
8/8/2019,66.198
8/7/2019,65.966
8/6/2019,65.6
8/5/2019,63.7
8/2/2019,62.68
8/1/2019,59.206
7/31/2019,59.16
7/30/2019,58.598
7/29/2019,61.764
7/26/2019,63.134
7/25/2019,63.435
7/24/2019,63.941
7/23/2019,65.257
7/22/2019,66.158
7/19/2019,66.395
7/18/2019,67.085
7/17/2019,68.129
7/16/2019,68.124
7/15/2019,68.478
7/12/2019,68.337
7/11/2019,68.609
7/10/2019,69.02
7/9/2019,69.027
7/8/2019,68.724
7/5/2019,68.291
7/4/2019,68.64
7/3/2019,69.169
7/2/2019,69.632
7/1/2019,70.306
6/28/2019,72.446
6/27/2019,73.372
6/26/2019,74.879
6/25/2019,74.641
6/24/2019,74.245
6/21/2019,75.555
6/20/2019,75.959
6/19/2019,76.751
6/18/2019,76.758
6/17/2019,76.409
6/14/2019,75.819
6/13/2019,75.759
6/12/2019,74.94
6/11/2019,74.357
6/10/2019,76.254
6/7/2019,77.323
6/6/2019,78.488
6/5/2019,79.204
6/4/2019,80.658
6/3/2019,78.616
5/31/2019,75.511
5/30/2019,74.786
5/29/2019,74.704
5/28/2019,71.61
5/27/2019,71.252
5/24/2019,70.597
5/23/2019,68.693
5/22/2019,67.494
5/21/2019,67.14
5/20/2019,67.066
5/17/2019,66.804
5/16/2019,67.117
5/15/2019,66.842
5/14/2019,66.758
5/13/2019,64.771
5/10/2019,64.729
5/9/2019,64.518
5/8/2019,63.317
5/7/2019,61.887
5/6/2019,61.609
5/3/2019,61.506
5/2/2019,61.432
5/1/2019,61.398
4/30/2019,61.34
4/29/2019,61.549
4/26/2019,61.537
4/25/2019,61.153
4/24/2019,61.08
4/23/2019,61.417
4/22/2019,61.268
4/19/2019,61.342
4/18/2019,61.46
4/17/2019,61.929
4/16/2019,61.91
4/15/2019,61.967
4/12/2019,63.873
4/11/2019,64.204
4/10/2019,65.218
4/9/2019,64.938
4/8/2019,65.764
4/5/2019,65.919
4/4/2019,66.38
4/3/2019,66.698
4/2/2019,67.639
4/1/2019,68.535
3/29/2019,71.433
3/28/2019,73.333
3/27/2019,72.986
3/26/2019,72.869
3/25/2019,72.815
3/22/2019,71.087
3/21/2019,71.898
3/20/2019,71.894
3/19/2019,69.85
3/18/2019,70.777
3/15/2019,71.577
3/14/2019,72.036
3/13/2019,72.459
3/12/2019,74.426
3/11/2019,78.921
3/8/2019,77.901
3/7/2019,68.835
3/6/2019,66.624
3/5/2019,66.897
3/4/2019,66.986
3/1/2019,68.738
2/28/2019,67.727
2/27/2019,65.049
2/26/2019,63.253
2/25/2019,63.745
2/22/2019,64.049
2/21/2019,63.706
2/20/2019,64.165
2/19/2019,65.324
2/18/2019,66.013
2/15/2019,66.572
2/14/2019,65.217
2/13/2019,64.337
2/12/2019,64.806
2/11/2019,65.276
2/8/2019,65.012
2/7/2019,61.948
2/6/2019,61.753
2/5/2019,62.774
2/4/2019,63.647
2/1/2019,65.136
1/31/2019,68.673
1/30/2019,73.205
1/29/2019,73.18
1/28/2019,73.188
1/25/2019,72.96
1/24/2019,77.038
1/23/2019,78.379
1/22/2019,78.576
1/21/2019,80.506
1/18/2019,82.546
1/17/2019,86.253
1/16/2019,87.637
1/15/2019,88.177
1/14/2019,88.523
1/11/2019,88.5
1/10/2019,88.501
1/9/2019,89.025
1/8/2019,91.525
1/7/2019,94.441
1/4/2019,94.8
1/3/2019,94.627
1/2/2019,94.137
1/1/2019,94.113
12/31/2018,94.236
12/28/2018,94.279
12/27/2018,92.976
12/26/2018,92.583
12/25/2018,91.94
12/24/2018,87.449
12/21/2018,87.004
12/20/2018,86.036
12/19/2018,84.916
12/18/2018,85.466
12/17/2018,83.154
12/14/2018,82.071
12/13/2018,80.62
12/12/2018,83.263
12/11/2018,85.84
12/10/2018,90.908
12/7/2018,84.339
12/6/2018,80.316
12/5/2018,76.891
12/4/2018,73.798
12/3/2018,69.703
11/30/2018,69.925
11/29/2018,66.947
11/28/2018,66.635
11/27/2018,65.961
11/26/2018,65.943
11/23/2018,65.55
11/22/2018,65.248
11/21/2018,65.058
11/20/2018,64.388
11/19/2018,64.258
11/16/2018,64.172
11/15/2018,64.045
11/14/2018,64.289
11/13/2018,64.281
11/12/2018,64.266
11/9/2018,64.2
11/8/2018,64.36
11/7/2018,65.248
11/6/2018,65.371
11/5/2018,65.332
11/2/2018,65.295
11/1/2018,65.552
10/31/2018,65.509
10/30/2018,66.474
10/29/2018,66.403
10/26/2018,66.517
10/25/2018,66.461
10/24/2018,65.224
10/23/2018,65.968
10/22/2018,63.802
10/19/2018,61.739
10/18/2018,60.488
10/17/2018,58.675
10/16/2018,54.061
10/15/2018,53.828
10/12/2018,53.822
10/11/2018,53.776
10/10/2018,53.455
10/9/2018,53.614
10/8/2018,53.558
10/5/2018,53.51
10/4/2018,53.494
10/3/2018,53.692
10/2/2018,53.62
10/1/2018,53.566
9/28/2018,53.998
9/27/2018,54.164
9/26/2018,54.372
9/25/2018,54.339
9/24/2018,54.381
9/21/2018,54.129
9/20/2018,54.271
9/19/2018,51.172
9/18/2018,51.461
9/17/2018,51.84
9/14/2018,51.926
9/13/2018,52.135
9/12/2018,52.753
9/11/2018,52.852
9/10/2018,53.439
9/7/2018,53.551
9/6/2018,53.559
9/5/2018,53.659
9/4/2018,54.059
9/3/2018,54.171
8/31/2018,54.188
8/30/2018,54.113
8/29/2018,54.313
8/28/2018,54.549
8/27/2018,55.147
8/24/2018,55.409
8/23/2018,55.708
8/22/2018,55.798
8/21/2018,55.864
8/20/2018,55.698
8/17/2018,55.713
8/16/2018,56.059
8/15/2018,55.912
8/14/2018,56.01
8/13/2018,55.955
8/10/2018,55.504
8/9/2018,55.337
8/8/2018,55.375
8/7/2018,55.605
8/6/2018,55.498
8/3/2018,55.436
8/2/2018,55.363
8/1/2018,55.383
7/31/2018,55.752
7/30/2018,56.097
7/27/2018,56.062
7/26/2018,56.315
7/25/2018,56.325
7/24/2018,56.458
7/23/2018,56.537
7/20/2018,55.484
7/19/2018,54.483
7/18/2018,53.623
7/17/2018,53.298
7/16/2018,53.355
7/13/2018,53.268
7/12/2018,53.021
7/11/2018,52.876
7/10/2018,52.724
7/9/2018,52.996
7/6/2018,53.214
7/5/2018,53.897
7/4/2018,53.56
7/3/2018,53.542
7/2/2018,51.957
6/29/2018,51.145
